"ein","name","city","state","propublica_url","foundation_website","scholarship_url","notes"
"920155067","Alaska Community Foundation","Anchorage","AK","https://projects.propublica.org/nonprofits/organizations/920155067","https://alaskacf.org","https://alaskacf.org/scholarships/","49+ scholarships; single application Jan 15-Mar 15; ~$700K awarded annually"
"272247740","Arctic Slope Community Foundation","Anchorage","AK","https://projects.propublica.org/nonprofits/organizations/272247740","https://www.arcticslopecommunity.org","","Grants to orgs/tribes only, not individuals. Related: Arctic Education Foundation (arcticed.com) has individual scholarships for Inupiat students"
"522395867","Juneau Community Foundation","Juneau","AK","https://projects.propublica.org/nonprofits/organizations/522395867","https://www.juneaucf.org","https://www.juneaucf.org/scholarshipsgrants/","Multiple scholarships up to $10K; applications due mid-April; Rocinante Scholarship due Oct 1"
"870761624","North Star Community Foundation","Fairbanks","AK","https://projects.propublica.org/nonprofits/organizations/870761624","https://nscfundalaska.org","","No specific scholarship program found; focuses on community development funds in Interior Alaska"
"631270745","Black Belt Community Foundation Inc","Selma","AL","https://projects.propublica.org/nonprofits/organizations/631270745","https://blackbeltfound.org","https://blackbeltfound.org/william-geraldine-curry-scholarship/","William & Geraldine Curry Scholarship for Marengo County seniors; also offers grants and Head Start programs"
"630842355","Central Alabama Community Foundation Inc","Montgomery","AL","https://projects.propublica.org/nonprofits/organizations/630842355","https://cacfinfo.org","https://cacfinfo.org/scholarships/","50+ scholarships annually; single online application with eligibility quiz; Montgomery County area"
"208660184","Community Foundation Of Eastalabama Inc","Opelika","AL","https://projects.propublica.org/nonprofits/organizations/208660184","https://cfeastalabama.org","https://cfeastalabama.org/scholarships","Multiple scholarships for East Alabama students; various amounts $1K-$3K"
"263750673","Community Foundation Of Greater Huntsville","Huntsville","AL","https://projects.propublica.org/nonprofits/organizations/263750673","https://givehsv.org","https://givehsv.org/scholarship-opportunities/","Multiple scholarships including STEM and defense industry; apply via apply-ghcf.smapply.io"
"630308398","Community Foundation Of Northeast Alabama","Anniston","AL","https://projects.propublica.org/nonprofits/organizations/630308398","https://www.cfnea.org","https://www.cfnea.org/receive/scholarships","$200K+ in scholarships annually; serves 9 NE Alabama counties; traditional and nontraditional students"
"630695166","Community Foundation Of South Alabama","Mobile","AL","https://projects.propublica.org/nonprofits/organizations/630695166","https://www.communityfoundationsa.org","https://www.communityfoundationsa.org/apply-for-a-scholarship","40+ scholarship funds; online portal; SW Alabama area; $6K+ awards"
"631225003","Community Foundation Of West Alabama","Tuscaloosa","AL","https://projects.propublica.org/nonprofits/organizations/631225003","https://www.thecfwa.org","https://www.thecfwa.org/scholarships","14 named scholarships; $1K-$40K awards; over $500K awarded since 2002; West Alabama"
"631074254","Limestone Area Community Foundation Inc","Athens","AL","https://projects.propublica.org/nonprofits/organizations/631074254","https://limestoneareacommunityfoundation.com","","Est. 1951 as Buddy Markowitz Scholarship Endowment; limited current scholarship info online; contact directly"
"203733823","The Fayette Community Foundation","Fayette","AL","https://projects.propublica.org/nonprofits/organizations/203733823","https://www.faycofoundation.com","https://www.faycofoundation.com/scholarships","Multiple scholarships $1K-$9.5K for Fayette County high school seniors; applications Jan-Mar"
"521055743","Arkansas Community Foundation Inc","Little Rock","AR","https://projects.propublica.org/nonprofits/organizations/521055743","https://www.arcf.org","https://www.arcf.org/apply/scholarships/","Hundreds of scholarships; eligibility quiz portal opens Feb 1; statewide for AR students"
"311500805","Union County Community Foundation","El Dorado","AR","https://projects.propublica.org/nonprofits/organizations/311500805","https://www.uccfar.org","https://www.uccfar.org","Scholarships for Union County AR students; applications Feb 20-Mar 31; most school-specific"
"942681765","Community Foundation For Southern Arizona","Tucson","AZ","https://projects.propublica.org/nonprofits/organizations/942681765","https://cfsaz.org","https://cfsaz.org/scholarships/","75+ scholarships via single form; General Scholarship $12.5K over 4 years; Southern AZ graduates"
"462275877","Creighton Community Foundation","Phoenix","AZ","https://projects.propublica.org/nonprofits/organizations/462275877","https://www.creightoncommunityfoundation.org","","Focuses on community programs for Creighton School District #14; no specific scholarship program found"
"860537424","Foothills Community Foundation Inc","Scottsdale","AZ","https://projects.propublica.org/nonprofits/organizations/860537424","https://foothillscommunityfoundation.org","https://foothillscommunityfoundation.org/scholarships/","Serves Cave Creek, Carefree, N Scottsdale; education and community programs since 1986"
"860800268","Fountain Hills Community Foundation","Fountain Hls","AZ","https://projects.propublica.org/nonprofits/organizations/860800268","https://fountainhillsgives.com","","No direct scholarship program found; community grants focus. Related: Golden Eagle Education Foundation offers local scholarships"
"843079860","Helping Others Together Community Foundation","Goodyear","AZ","https://projects.propublica.org/nonprofits/organizations/843079860","https://hotcommunityfoundation.org","","100% volunteer org; focuses on children/families in West Valley; no scholarship program found"
"860767009","Kingman Community Foundation Inc","Kingman","AZ","https://projects.propublica.org/nonprofits/organizations/860767009","","","Limited web presence; no scholarship program found. KRMC Foundation offers nursing scholarships separately"
"843802548","Maricopa Community Foundation","Maricopa","AZ","https://projects.propublica.org/nonprofits/organizations/843802548","https://mcfaz.org","https://mcfaz.org/community-scholarship-program/","Community Scholarship Program; single application; need-based for Maricopa city students"
"461959069","One Az Community Foundation Inc","Phoenix","AZ","https://projects.propublica.org/nonprofits/organizations/461959069","","","Limited info found; may be related to OneAZ Credit Union Foundation. See Arizona Community Foundation for AZ scholarships"
"823791959","Rio Verde Community Foundation Inc","Rio Verde","AZ","https://projects.propublica.org/nonprofits/organizations/823791959","https://rioverdecommunityfoundation.org","https://rioverdecommunityfoundation.org/home/funds/","Flagship scholarship program; 4 scholarships in 2024; Employee and Dependent Scholarship Fund"
"860999490","Sun City Vistoso Community Foundation","Oro Valley","AZ","https://projects.propublica.org/nonprofits/organizations/860999490","https://www.foundationscov.org","","Focuses on SCOV resident quality of life; $1M+ distributed since 1998; no individual scholarships found"
"463106546","Antioch Community Foundation","Antioch","CA","https://projects.propublica.org/nonprofits/organizations/463106546","https://acfcommunityimpact.org","","Grants to nonprofits only (not individuals); Youth of Promise grants; no student scholarships"
"943127427","Belvedere Community Foundation","Belvedere","CA","https://projects.propublica.org/nonprofits/organizations/943127427","https://belvederecommunityfoundation.com","https://belvederecommunityfoundation.com/grant-information/","Grants for education/community in Marin County; summer camp scholarships; within 25mi of 94920"
"680472056","Calaveras Community Foundation","Angels Camp","CA","https://projects.propublica.org/nonprofits/organizations/680472056","https://calaverascommunityfoundation.org","https://calaverascommunityfoundation.org/grants-scholarships/competitive-grants-given/","40+ funds and scholarships for Calaveras County; $3.7M distributed since 2000"
"261439128","Caring Community Foundation","Calabasas","CA","https://projects.propublica.org/nonprofits/organizations/261439128","","","Very limited web presence; no scholarship program found"
"946289551","Coalinga Community Foundation","Coalinga","CA","https://projects.propublica.org/nonprofits/organizations/946289551","","","Operates thrift shop; $9.5K in grants (2023); limited scholarship info. See West Hills College Foundation for local scholarships"
"421676256","Coasthills Community Foundation","Orcutt","CA","https://projects.propublica.org/nonprofits/organizations/421676256","https://coasthills.coop/resources/about/community-involvement","","CoastHills Credit Union foundation; supports nonprofits up to $500; no individual scholarships found"
"852982760","Coronado Community Foundation","Coronado","CA","https://projects.propublica.org/nonprofits/organizations/852982760","https://www.ccfcoronado.org","","Focuses on community grants; health/wellness, arts, community preservation; no specific scholarship program found"
"680348673","Crockett Community Foundation","Crockett","CA","https://projects.propublica.org/nonprofits/organizations/680348673","https://www.crockettcommunityfoundation.org","","Est. 1994; grants $1K-$25K for Crockett/Port Costa area; education grants but no specific scholarships found"
"954725924","Desert Community Foundation","Palm Desert","CA","https://projects.propublica.org/nonprofits/organizations/954725924","https://www.desertfoundation.org","https://www.desertfoundation.org","200+ scholarships annually; $1.6M in scholarships since founding; Coachella Valley residents"
"770443958","Hanford Community Foundation","Hanford","CA","https://projects.propublica.org/nonprofits/organizations/770443958","","","Limited web presence for foundation itself; see Hanford Education Foundation for local scholarships"
"330457858","International Community Foundation","National City","CA","https://projects.propublica.org/nonprofits/organizations/330457858","https://icfdn.org","https://icfdn.org/tag/scholarships/","International focus; scholarships via partner orgs for Latin American students; workforce/vocational education"
"946098382","Jewish Community Foundation","Berkeley","CA","https://projects.propublica.org/nonprofits/organizations/946098382","https://jewishfed.org","https://jewishfed.org/what-we-do/our-programs/scholarships/college-scholarships/","~70 scholarships/$400K annually; Jewish students in SF Bay Area; multiple named scholarships $1K-$5K"
"770555874","Kern Community Foundation","Bakersfield","CA","https://projects.propublica.org/nonprofits/organizations/770555874","https://www.kernfoundation.org","https://www.kernfoundation.org/students/","~$500K in scholarships annually; single application for dozens of opportunities; Kern County students"
"954715293","Kinecta Community Foundation","Manhattan Bch","CA","https://projects.propublica.org/nonprofits/organizations/954715293","https://www.kinecta.org/community","https://www.kinecta.org/community","8 scholarships of $2K each annually; age 24 or younger; essay + 2 recommendation letters required"
"800022897","Lafayette Community Foundation","Lafayette","CA","https://projects.propublica.org/nonprofits/organizations/800022897","https://www.lafayettecf.org","","Grants to nonprofits; $1.3M+ since 1999; no individual scholarship program found"
"770549615","Mammoth Community Foundation","Mammoth Lakes","CA","https://projects.propublica.org/nonprofits/organizations/770549615","https://www.mammothfoundation.org","https://www.mammothfoundation.org","28 college scholarships ($61K) annually; athlete grants; $1M+ to schools since 2010. See also Mammoth Lakes Foundation for Cerro Coso scholarships"
"474521886","Moraga Community Foundation","Moraga","CA","https://projects.propublica.org/nonprofits/organizations/474521886","","","Moraga Community Foundation; limited web presence; no scholarship info found"
"200253310","Pasadena Community Foundation","Pasadena","CA","https://projects.propublica.org/nonprofits/organizations/200253310","https://pasadenacf.org","https://pasadenacf.org/programs/scholarships/","Multiple scholarship programs; PCF Scholars for PUSD grads at PCC; online application portal"
"201485011","Placer Community Foundation","Auburn","CA","https://projects.propublica.org/nonprofits/organizations/201485011","https://www.placercf.org","https://www.placercf.org","$41K+ in scholarships annually; renewable awards up to $4K; multiple named funds; Placer County area"
"992859752","Poway Community Foundation","Poway","CA","https://projects.propublica.org/nonprofits/organizations/992859752","https://www.powaycommunityfoundation.org","","Grants to nonprofits only; $106K in grants 2025; no individual scholarships"
"201038213","Savusavu Community Foundation","Villa Park","CA","https://projects.propublica.org/nonprofits/organizations/201038213","","","Savusavu Community Foundation, Villa Park CA; very limited web presence; no scholarship info found"
"680354961","Solano Community Foundation","Fairfield","CA","https://projects.propublica.org/nonprofits/organizations/680354961","https://www.solanocf.org","https://www.solanocf.org/Funds/Public/FundList.aspx?hFundType=2","Nelson Scholarships $20K over 4 years; Briggs $2K; Powell $5K; Fairfield/Suisun seniors"
"680483054","Stanislaus Community Foundation","Modesto","CA","https://projects.propublica.org/nonprofits/organizations/680483054","https://www.stanislauscf.org","https://www.stanislauscf.org/scholarships","$300K+ in scholarships annually; common online application; multiple named funds; Stanislaus County residents"
"330965209","Trinity Community Foundation","Redlands","CA","https://projects.propublica.org/nonprofits/organizations/330965209","","","Limited web presence; see Redlands Community Scholarship Foundation (redlandsscholarships.org) for local scholarships"
"330558228","Tustin Community Foundation","Tustin","CA","https://projects.propublica.org/nonprofits/organizations/330558228","https://tustincommunityfoundation.org","","Grants to nonprofits; supports Tustin Dollars for Scholars indirectly; no direct individual scholarships"
"946108531","Woodside Community Foundation","Woodside","CA","https://projects.propublica.org/nonprofits/organizations/946108531","https://woodsidegiving.org","","Since 1952; music scholarships via Woodside Village Band Fund; community grants focus"
"752971085","Yolo Community Foundation","Woodland","CA","https://projects.propublica.org/nonprofits/organizations/752971085","https://yolocf.org","https://yolocf.org/scholarships/","13 scholarships for Yolo County youth; up to $10K awards; deadline Mar 13; multiple named funds"
"833857210","Applewood Community Foundation","Lakewood","CO","https://projects.propublica.org/nonprofits/organizations/833857210","","","Applewood Community Foundation Lakewood CO; very limited web presence; no scholarship info found"
"841246756","Broomfield Community Foundation","Broomfield","CO","https://projects.propublica.org/nonprofits/organizations/841246756","https://www.broomfieldfoundation.org","https://www.broomfieldfoundation.org/giving/view-all-scholarships","Multiple named scholarships avg $2K; opens late Jan, closes Mar; merit/need/activities based"
"264605574","Chaffee County Community Foundation","Buena Vista","CO","https://projects.propublica.org/nonprofits/organizations/264605574","https://www.chaffeecommunity.org","","Est. 2018; community/impact grants to orgs; Dan Daly wrestling fund; no individual student scholarships found"
"274328521","Denver Post Community Foundation","Denver","CO","https://projects.propublica.org/nonprofits/organizations/274328521","","","Denver Post Community Foundation; limited info; likely media-affiliated community grants"
"203577455","Douglas County Community Foundation","Parker","CO","https://projects.propublica.org/nonprofits/organizations/203577455","","","Douglas County Community Foundation Parker CO; limited web presence; no scholarship info found"
"471915583","Eagle Valley Community Foundation","Vail","CO","https://projects.propublica.org/nonprofits/organizations/471915583","https://eaglevalleycf.org","","Community programs focus (food, health, leadership); no direct scholarships. See Vail Valley Foundation YouthPower365 for local scholarships"
"463894713","Longmont Community Foundation","Longmont","CO","https://projects.propublica.org/nonprofits/organizations/463894713","","","Longmont Community Foundation CO; limited web presence; see Community Foundation Boulder County for area scholarships"
"840991533","Northglenn Community Foundation","Northglenn","CO","https://projects.propublica.org/nonprofits/organizations/840991533","","","Northglenn Community Foundation CO; limited web presence; no scholarship info found"
"841339670","Pikes Peak Community Foundation","Colorado Spgs","CO","https://projects.propublica.org/nonprofits/organizations/841339670","https://www.ppcf.org","https://www.ppcf.org/community-investment/scholarships/","Multiple named scholarship funds; since 1928; Pikes Peak region students; college/university/technical training"
"841526370","Riverfront Park Community Foundation","Denver","CO","https://projects.propublica.org/nonprofits/organizations/841526370","","","Riverfront Park Community Foundation Denver; park/community focus; no scholarships"
"840920862","Rose Community Foundation","Denver","CO","https://projects.propublica.org/nonprofits/organizations/840920862","https://rcfdenver.org","","Major Denver foundation ($12.5M grants/year); focuses on org grants not individual scholarships; Jewish community origin"
"841449305","Southern Colorado Community Foundation","Pueblo","CO","https://projects.propublica.org/nonprofits/organizations/841449305","https://sccfcolorado.org","https://sccfcolorado.org","57 scholarships/$225K awarded in 2024; serves 18 SE Colorado counties; since 1998"
"841171836","The Community Foundation","Boulder","CO","https://projects.propublica.org/nonprofits/organizations/841171836","https://www.commfound.org","https://www.commfound.org/programs-and-initiatives/","Since 1991; managed scholarship funds including Lyons, Milagros, Zoe Chase Memorial; Boulder County"
"841315296","Weld Community Foundation","Greeley","CO","https://projects.propublica.org/nonprofits/organizations/841315296","https://weldcommunityfoundation.org","https://weldcommunityfoundation.org/students/","160+ scholarships/$585K annually; $6M+ since 1997; single application process; Weld County students"
"840794536","Yampa Valley Community Foundation","Steamboat Spr","CO","https://projects.propublica.org/nonprofits/organizations/840794536","https://yvcf.org","https://yvcf.org/scholarships/","30+ scholarships/$600K annually; Routt & Moffat counties; apps open Feb 1; diverse fields"
"841155472","Yuma Community Foundation","Yuma","CO","https://projects.propublica.org/nonprofits/organizations/841155472","","","Grants and scholarships to YHS seniors since 1990; apply via Main Street Insurance Yuma CO; also see NoCo Foundation Eastern CO Scholarship"
"61032832","Branford Community Foundation","Branford","CT","https://projects.propublica.org/nonprofits/organizations/61032832","","","Branford Community Foundation CT; limited web presence; no scholarship info found"
"264306194","Community Foundation For St Vincent And The Grenadines Inc","Hebron","CT","https://projects.propublica.org/nonprofits/organizations/264306194","","","Community Foundation for St Vincent and Grenadines; Hebron CT; international focus; no scholarship info found"
"61477711","Community Foundation Of Middlesex County Inc","Middletown","CT","https://projects.propublica.org/nonprofits/organizations/61477711","https://middlesexcountycf.org","https://middlesexcountycf.org","Grantmaking for Middlesex County CT communities; contact for scholarship details"
"421684133","Greater Hartford Community Foundation Inc","Hartford","CT","https://projects.propublica.org/nonprofits/organizations/421684133","https://www.hfpg.org","https://www.hfpgscholarships.org/","Largest CT community foundation; 80+ scholarship funds; $30M awarded since 1945; Greater Futures up to $100K"
"273784782","Mid State Realtors Community Foundation","Plainville","CT","https://projects.propublica.org/nonprofits/organizations/273784782","","","Mid State Realtors Community Foundation; Plainville CT; realtor-affiliated; no scholarship info found"
"60970466","New Canaan Community Foundation Inc","New Canaan","CT","https://projects.propublica.org/nonprofits/organizations/60970466","https://www.newcanaancf.org","https://www.newcanaancf.org/apply-scholarships","Sapienza Scholarship up to $10K/yr renewable 4 yrs; healthcare scholarship; need-based; New Canaan residents"
"61528030","New Fairfield Community Foundation Inc","New Fairfield","CT","https://projects.propublica.org/nonprofits/organizations/61528030","","","New Fairfield Community Foundation CT; limited web presence; no scholarship info found"
"462161591","Newtown Sandy Hook Community Foundation Inc","Newtown","CT","https://projects.propublica.org/nonprofits/organizations/462161591","","","Newtown Sandy Hook Community Foundation CT; established post-2012; community support focus"
"61565733","Northwest Connecticut Community Foundation Inc","Torrington","CT","https://projects.propublica.org/nonprofits/organizations/61565733","https://www.yournccf.org","https://www.yournccf.org/information-for/scholarship-opportunities/students","$200K+ in scholarships annually; 300+ funds; 20 NW CT towns; seniors and college students; deadline Apr 1"
"202246985","Osterman Community Foundation","Cheshire","CT","https://projects.propublica.org/nonprofits/organizations/202246985","","","Osterman Community Foundation Cheshire CT; limited web presence; no scholarship info found"
"200820971","South Windsor Community Foundation Inc","South Windsor","CT","https://projects.propublica.org/nonprofits/organizations/200820971","","","South Windsor Community Foundation CT; limited web presence; no scholarship info found"
"841637102","Valley Community Foundation Inc","New Haven","CT","https://projects.propublica.org/nonprofits/organizations/841637102","https://www.valleyfoundation.org","https://www.valleyfoundation.org/impacting-the-valley/apply-for-a-grant/scholarships","100+ scholarships; serves Ansonia, Derby, Oxford, Seymour, Shelton; apply via school counselors"
"387161863","Alliance Community Foundation","Wilmington","DE","https://projects.propublica.org/nonprofits/organizations/387161863","","","Alliance Community Foundation Wilmington DE; limited web presence; no scholarship info found"
"455425037","Belleair Community Foundation Inc","Belleair","FL","https://projects.propublica.org/nonprofits/organizations/455425037","","","Belleair Community Foundation FL; limited web presence; no scholarship info found"
"237410312","Cape Coral Community Foundation","Cape Coral","FL","https://projects.propublica.org/nonprofits/organizations/237410312","https://www.capecoralcf.org","https://www.capecoralcf.org/scholarship-funds.html","Multiple named scholarship funds; Cape Coral graduating seniors; 4-year and single awards available"
"593649871","Givewell Community Foundation Inc","Lakeland","FL","https://projects.propublica.org/nonprofits/organizations/593649871","https://www.givecf.org","https://www.givecf.org","400+ funds; Polk/Hardee/Highlands counties; scholarships for graduating seniors; music scholarships; since 1997"
"201729243","Indian River Community Foundation","Vero Beach","FL","https://projects.propublica.org/nonprofits/organizations/201729243","https://ircommunityfoundation.org","https://www.sfindianriver.org/","Related: Scholarship Foundation of Indian River County awards $798K+/yr; $4K-$30K renewable; need-based"
"650833500","Manatee Community Foundation Inc","Bradenton","FL","https://projects.propublica.org/nonprofits/organizations/650833500","","","Manatee Community Foundation Bradenton FL; contact for scholarship info"
"261838979","Athens Area Community Foundation Inc","Athens","GA","https://projects.propublica.org/nonprofits/organizations/261838979","https://athensareacf.org","https://athensareacf.org","$38M+ granted since 2008; scholarships deadline Mar 1; serves 7 NE GA counties; apply via online portal"
"205103715","Barrow Community Foundation","Winder","GA","https://projects.propublica.org/nonprofits/organizations/205103715","","","Barrow Community Foundation Winder GA; limited web presence; no scholarship info found"
"474252695","Community Foundation For Greater Rome","Rome","GA","https://projects.propublica.org/nonprofits/organizations/474252695","","","Community Foundation for Greater Rome GA; limited web presence; no scholarship info found"
"582348181","The Coweta Community Foundation Inc","Newnan","GA","https://projects.propublica.org/nonprofits/organizations/582348181","https://cowetafoundation.org","https://cowetafoundation.org/grants/","W.C. Adamson Scholarship Fund; $2K awards; Coweta County residents; est. 1997; now Caring Communities Foundation"
"364641613","Hawaii Catholic Community Foundation","Honolulu","HI","https://projects.propublica.org/nonprofits/organizations/364641613","","","Hawaii Catholic Community Foundation; religious focus; contact for scholarship info"
"460709000","Kauai North Shore Community Foundation","Princeville","HI","https://projects.propublica.org/nonprofits/organizations/460709000","","","Kauai North Shore Community Foundation; limited web presence; no scholarship info found"
"134364350","Realtors Association Of Maui Community Foundation Inc","Kahului","HI","https://projects.propublica.org/nonprofits/organizations/134364350","","","Realtors Association of Maui Community Foundation; realtor-affiliated; no scholarship info found"
"203850596","Ankeny Community Foundation","Ankeny","IA","https://projects.propublica.org/nonprofits/organizations/203850596","","","Ankeny Community Foundation IA; limited web presence; no scholarship info found"
"421468316","Bancroft Community Foundation Inc","Algona","IA","https://projects.propublica.org/nonprofits/organizations/421468316","","","Bancroft Community Foundation Algona IA; limited web presence; no scholarship info found"
"421479364","Brooklyn Community Foundation Inc","Brooklyn","IA","https://projects.propublica.org/nonprofits/organizations/421479364","","","Brooklyn Community Foundation Brooklyn IA; limited web presence; no scholarship info found"
"421527405","Calvin Community Foundation","Des Moines","IA","https://projects.propublica.org/nonprofits/organizations/421527405","","","Calvin Community Foundation Des Moines IA; likely retirement community; no scholarship info found"
"510244945","Capstone Community Foundation Inc","Newton","IA","https://projects.propublica.org/nonprofits/organizations/510244945","","","Capstone Community Foundation Newton IA; limited web presence; no scholarship info found"
"300036983","Cherokee Community Foundation","Cherokee","IA","https://projects.propublica.org/nonprofits/organizations/300036983","","","Cherokee Community Foundation IA; limited web presence; no scholarship info found"
"421520672","Gladbrook Community Foundation","Traer","IA","https://projects.propublica.org/nonprofits/organizations/421520672","","","Gladbrook Community Foundation Traer IA; small community; limited web presence"
"421253129","Greater Greenfield Community Foundation","Greenfield","IA","https://projects.propublica.org/nonprofits/organizations/421253129","","","Greater Greenfield Community Foundation IA; limited web presence"
"421298055","Greater Poweshiek Community Foundation","Grinnell","IA","https://projects.propublica.org/nonprofits/organizations/421298055","https://greaterpcf.org","https://greaterpcf.org/funds/","Tiger Scholarship Fund $500 for all GHS grads who apply; multiple named scholarships; Poweshiek County"
"391905948","Jasper Community Foundation","Newton","IA","https://projects.propublica.org/nonprofits/organizations/391905948","","","Jasper Community Foundation Newton IA; limited web presence"
"201838372","Keokuk Area Community Foundation","Keokuk","IA","https://projects.propublica.org/nonprofits/organizations/201838372","","","Keokuk Area Community Foundation IA; limited web presence"
"421374038","Pella Community Foundation","Pella","IA","https://projects.propublica.org/nonprofits/organizations/421374038","https://www.pellacommunityfoundation.org","https://www.pellacommunityfoundation.org","Pella area; see Pella Dollars for Scholars for student scholarships; Rolscreen Foundation $10K/4yrs"
"421323904","Siouxland Community Foundation","Sioux City","IA","https://projects.propublica.org/nonprofits/organizations/421323904","https://siouxlandcommunityfoundation.org","https://siouxlandcommunityfoundation.org/scholarships/","$3M+/yr in grants; apps Nov 1-Feb 1; Kind World Scholarship up to $40K; multiple funds"
"421366419","Traer Community Foundation","Traer","IA","https://projects.propublica.org/nonprofits/organizations/421366419","","","Traer Community Foundation IA; small community; limited web presence"
"473373953","Waterloo Community Foundation","Waterloo","IA","https://projects.propublica.org/nonprofits/organizations/473373953","","","Waterloo Community Foundation IA; limited web presence"
"421494971","Wayne Community Foundation","Corydon","IA","https://projects.propublica.org/nonprofits/organizations/421494971","","","Wayne Community Foundation Corydon IA; limited web presence"
"237196646","Wilton Community Foundation","Muscatine","IA","https://projects.propublica.org/nonprofits/organizations/237196646","","","Wilton Community Foundation Muscatine IA; limited web presence"
"311575176","Woodbine Community Foundation","Woodbine","IA","https://projects.propublica.org/nonprofits/organizations/311575176","","","Woodbine Community Foundation IA; limited web presence"
"820518701","Latah County Community Foundation Inc","Moscow","ID","https://projects.propublica.org/nonprofits/organizations/820518701","","","Latah County Community Foundation Moscow ID; limited web presence"
"461324853","Malad City Community Foundation Inc","Malad City","ID","https://projects.propublica.org/nonprofits/organizations/461324853","","","Malad City Community Foundation ID; small community; limited web presence"
"455121054","Meadows Valley Community Foundation Inc","New Meadows","ID","https://projects.propublica.org/nonprofits/organizations/455121054","","","Meadows Valley Community Foundation New Meadows ID; small community"
"261119702","Twin Falls Community Foundation Inc","Twin Falls","ID","https://projects.propublica.org/nonprofits/organizations/261119702","","","Twin Falls Community Foundation ID; limited web presence"
"820536501","Upper Clearwater Community Foundation Inc","Kamiah","ID","https://projects.propublica.org/nonprofits/organizations/820536501","","","Upper Clearwater Community Foundation Kamiah ID; small community"
"454726039","Arthur Community Foundation","Arthur","IL","https://projects.propublica.org/nonprofits/organizations/454726039","","","Arthur Community Foundation IL; small community"
"364244673","Barrington Area Community Foundation","Barrington","IL","https://projects.propublica.org/nonprofits/organizations/364244673","","","Barrington Area Community Foundation IL; contact for scholarship info"
"204973846","Boone County Community Foundation","Belvidere","IL","https://projects.propublica.org/nonprofits/organizations/204973846","","","Boone County Community Foundation Belvidere IL; limited web presence"
"363788167","Dekalb County Community Foundation","Sycamore","IL","https://projects.propublica.org/nonprofits/organizations/363788167","https://dekalbccf.org","https://dekalbccf.org/receive/scholarship-application/","100+ scholarships; Universal Application through Apr 1; since 1993; DeKalb County IL students"
"363978733","Dupage Community Foundation","Downers Grove","IL","https://projects.propublica.org/nonprofits/organizations/363978733","https://www.dupagefoundation.org","https://dupagefoundation.org/who-we-are/foundation-funds.html/title/scholarship-funds","Multiple named scholarship funds; apply via school guidance office; DuPage County IL"
"367146151","Edwardsville Community Foundation","Edwardsville","IL","https://projects.propublica.org/nonprofits/organizations/367146151","","","Edwardsville Community Foundation IL; limited web presence"
"371381626","Elmwood Community Foundation","Elmwood","IL","https://projects.propublica.org/nonprofits/organizations/371381626","","","Elmwood Community Foundation IL; small community"
"300080762","Freeport Community Foundation","Freeport","IL","https://projects.propublica.org/nonprofits/organizations/300080762","","","Freeport Community Foundation IL; limited web presence"
"203654399","Lake County Community Foundation","Grayslake","IL","https://projects.propublica.org/nonprofits/organizations/203654399","","","Lake County Community Foundation Grayslake IL; limited web presence"
"455620336","Mcdonough County Community Foundation","Macomb","IL","https://projects.propublica.org/nonprofits/organizations/455620336","","","McDonough County Community Foundation Macomb IL; limited web presence"
"881542187","Monticello Community Foundation","Monticello","IL","https://projects.propublica.org/nonprofits/organizations/881542187","","","Monticello Community Foundation IL; limited web presence"
"364299824","Morris Community Foundation","Morris","IL","https://projects.propublica.org/nonprofits/organizations/364299824","","","Morris Community Foundation IL; limited web presence"
"371397503","Morton Community Foundation","Morton","IL","https://projects.propublica.org/nonprofits/organizations/371397503","","","Morton Community Foundation IL; limited web presence"
"203879466","Rochelle Area Community Foundation","Rochelle","IL","https://projects.propublica.org/nonprofits/organizations/203879466","","","Rochelle Area Community Foundation IL; limited web presence"
"371571293","Schuyler County Community Foundation","Rushville","IL","https://projects.propublica.org/nonprofits/organizations/371571293","","","Schuyler County Community Foundation Rushville IL; limited web presence"
"371390271","Southeastern Illinois Community Foundation","Effingham","IL","https://projects.propublica.org/nonprofits/organizations/371390271","https://southeasternillinois.org","https://southeasternillinois.org","Multiple scholarships for Effingham County; nursing/health scholarships; common application; deadline Mar 17"
"371373067","Southern Illinois Community Foundation","Marion","IL","https://projects.propublica.org/nonprofits/organizations/371373067","https://www.sicf.org","https://www.sicf.org/ourfunds/scholarships/","$1M+ awarded since 2013; 17 southernmost IL counties; apps open Feb; some scholarships rarely claimed"
"161631602","St Clement Community Foundation","Evansville","IL","https://projects.propublica.org/nonprofits/organizations/161631602","","","St Clement Community Foundation Evansville IL; limited web presence"
"260074023","Benton Community Foundation Inc","Fowler","IN","https://projects.propublica.org/nonprofits/organizations/260074023","","","Benton Community Foundation Fowler IN; limited web presence"
"351772356","Blackford County Community Foundation","Hartford City","IN","https://projects.propublica.org/nonprofits/organizations/351772356","","","Blackford County Community Foundation Hartford City IN; contact for scholarship info"
"351960379","Brown County Community Foundation Inc","Nashville","IN","https://projects.propublica.org/nonprofits/organizations/351960379","","","Brown County Community Foundation Nashville IN; contact for scholarship info"
"352125727","Cass County Community Foundation Inc","Logansport","IN","https://projects.propublica.org/nonprofits/organizations/352125727","","","Cass County Community Foundation Logansport IN; contact for scholarship info"
"351793680","Central Indiana Community Foundation Inc","Indianapolis","IN","https://projects.propublica.org/nonprofits/organizations/351793680","https://www.cicf.org","https://www.cicf.org/scholarships/","50+ scholarships; $500 to full tuition; single multilingual application; Marion County/Central IN"
"351889139","Community Foundation Partnership Inc","Bedford","IN","https://projects.propublica.org/nonprofits/organizations/351889139","","","Community Foundation Partnership Bedford IN; contact for scholarship info"
"351990305","Dubois County Community Foundation Inc","Jasper","IN","https://projects.propublica.org/nonprofits/organizations/351990305","","","Dubois County Community Foundation Jasper IN; contact for scholarship info"
"200900981","Hamilton County Community Foundation Inc","Fishers","IN","https://projects.propublica.org/nonprofits/organizations/200900981","https://hamiltoncountycf.org","https://hamiltoncountycf.org/scholarships/","Dozens of scholarships $500-full tuition; single application; deadline Feb 1; part of CICF Collaborative"
"351986569","Harrison County Community Foundation Inc","Corydon","IN","https://projects.propublica.org/nonprofits/organizations/351986569","","","Harrison County Community Foundation Corydon IN; contact for scholarship info"
"351878973","Hendricks County Community Foundation Inc","Avon","IN","https://projects.propublica.org/nonprofits/organizations/351878973","","","Hendricks County Community Foundation Avon IN; contact for scholarship info"
"351797437","Johnson County Community Foundation Inc","Franklin","IN","https://projects.propublica.org/nonprofits/organizations/351797437","","","Johnson County Community Foundation Franklin IN; contact for scholarship info"
"356086777","Kosciusko County Community Foundation Inc","Warsaw","IN","https://projects.propublica.org/nonprofits/organizations/356086777","https://www.kcfoundation.org","https://www.kcfoundation.org/scholarships/","115 scholarship opportunities; Lilly Endowment full-tuition; Kosciusko County IN residents"
"351834679","Lagrange County Community Foundation Inc","Lagrange","IN","https://projects.propublica.org/nonprofits/organizations/351834679","","","LaGrange County Community Foundation IN; contact for scholarship info"
"351836315","Montgomery County Community Foundation Inc","Crawfordsvlle","IN","https://projects.propublica.org/nonprofits/organizations/351836315","","","Montgomery County Community Foundation Crawfordsville IN; contact for scholarship info"
"351912317","Northern Indiana Community Foundation Inc","Rochester","IN","https://projects.propublica.org/nonprofits/organizations/351912317","","","Northern Indiana Community Foundation Rochester IN; contact for scholarship info"
"872043014","Our Community Foundation Inc","Washington","IN","https://projects.propublica.org/nonprofits/organizations/872043014","","","Our Community Foundation Washington IN; contact for scholarship info"
"351934464","Owen County Community Foundation","Spencer","IN","https://projects.propublica.org/nonprofits/organizations/351934464","","","Owen County Community Foundation Spencer IN; contact for scholarship info"
"352000788","Porter County Community Foundation Inc","Valparaiso","IN","https://projects.propublica.org/nonprofits/organizations/352000788","","","Porter County Community Foundation Valparaiso IN; contact for scholarship info"
"351835950","Rush County Community Foundation","Rushville","IN","https://projects.propublica.org/nonprofits/organizations/351835950","","","Rush County Community Foundation Rushville IN; contact for scholarship info"
"352070789","Warren County Community Foundation Inc","Williamsport","IN","https://projects.propublica.org/nonprofits/organizations/352070789","","","Warren County Community Foundation Williamsport IN; small community"
"351883377","Washington County Community Foundation Inc","Salem","IN","https://projects.propublica.org/nonprofits/organizations/351883377","","","Washington County Community Foundation Salem IN; contact for scholarship info"
"481190412","Ashland Community Foundation","Ashland","KS","https://projects.propublica.org/nonprofits/organizations/481190412","","","Ashland Community Foundation KS; small community"
"481221368","Central Kansas Community Foundation","Newton","KS","https://projects.propublica.org/nonprofits/organizations/481221368","https://centralkansascf.org","https://centralkansascfscholarships.communityforce.com/","$1.5M impact/yr; 18 affiliates; scholarships for Butler/Harvey/Marion/Reno county residents; $28M assets"
"205218378","Community Foundation Forindependence","Independence","KS","https://projects.propublica.org/nonprofits/organizations/205218378","","","Community Foundation for Independence KS; limited web presence"
"481209687","Douglas County Community Foundation","Lawrence","KS","https://projects.propublica.org/nonprofits/organizations/481209687","","","Douglas County Community Foundation Lawrence KS; contact for scholarship info"
"481169158","Emporia Community Foundation","Emporia","KS","https://projects.propublica.org/nonprofits/organizations/481169158","","","Emporia Community Foundation KS; contact for scholarship info"
"742804940","Golden Belt Community Foundation","Great Bend","KS","https://projects.propublica.org/nonprofits/organizations/742804940","","","Golden Belt Community Foundation Great Bend KS; contact for scholarship info"
"481215574","Greater Manhattan Community Foundation","Manhattan","KS","https://projects.propublica.org/nonprofits/organizations/481215574","","","Greater Manhattan Community Foundation KS; contact for scholarship info"
"481215503","Greater Salina Community Foundation","Salina","KS","https://projects.propublica.org/nonprofits/organizations/481215503","https://gscf.org","https://gscf.org/scholarships/","67 scholarship funds; $240K+ awarded; eligibility assessment Nov 1-Feb 15; largest KS community foundation; 600+ funds"
"832155617","Lane County Community Foundation","Dighton","KS","https://projects.propublica.org/nonprofits/organizations/832155617","","","Lane County Community Foundation Dighton KS; small community"
"481238797","Mcpherson County Community Foundation","Mcpherson","KS","https://projects.propublica.org/nonprofits/organizations/481238797","","","McPherson County Community Foundation KS; contact for scholarship info"
"863824928","Mullinville Community Foundation","Mullinville","KS","https://projects.propublica.org/nonprofits/organizations/863824928","","","Mullinville Community Foundation KS; very small community"
"481175198","Rice County Community Foundation","Lyons","KS","https://projects.propublica.org/nonprofits/organizations/481175198","","","Rice County Community Foundation Lyons KS; contact for scholarship info"
"480995697","Scott Community Foundation","Scott City","KS","https://projects.propublica.org/nonprofits/organizations/480995697","","","Scott Community Foundation Scott City KS; limited web presence"
"481156704","South Central Community Foundation","Pratt","KS","https://projects.propublica.org/nonprofits/organizations/481156704","","","South Central Community Foundation Pratt KS; contact for scholarship info"
"933344000","Tipton Community Foundation","Tipton","KS","https://projects.propublica.org/nonprofits/organizations/933344000","","","Tipton Community Foundation KS; small community"
"481184667","Western Kansas Community Foundation","Garden City","KS","https://projects.propublica.org/nonprofits/organizations/481184667","","","Western Kansas Community Foundation Garden City KS; contact for scholarship info"
"611284951","Community Foundation Of South Central Kentucky Inc","Bowling Green","KY","https://projects.propublica.org/nonprofits/organizations/611284951","","","Community Foundation of South Central Kentucky Bowling Green; contact for scholarship info"
"611304905","Community Foundation Of West Kentucky Inc","Paducah","KY","https://projects.propublica.org/nonprofits/organizations/611304905","","","Community Foundation of West Kentucky Paducah; contact for scholarship info"
"204183345","Algiers Community Foundation","New Orleans","LA","https://projects.propublica.org/nonprofits/organizations/204183345","","","Algiers Community Foundation New Orleans LA; limited web presence"
"721446378","Central Louisiana Community Foundation","Alexandria","LA","https://projects.propublica.org/nonprofits/organizations/721446378","","","Central Louisiana Community Foundation Alexandria; contact for scholarship info"
"721493023","Community Foundation Of Acadiana","Lafayette","LA","https://projects.propublica.org/nonprofits/organizations/721493023","https://www.cfacadiana.org","https://www.cfacadiana.org/applications","Multiple scholarship funds; serves 8 Acadiana parishes; music/education/community scholarships"
"726022365","Community Foundation Of North Louisiana","Shreveport","LA","https://projects.propublica.org/nonprofits/organizations/726022365","","","Community Foundation of North Louisiana Shreveport; contact for scholarship info"
"721508036","Community Foundation Of Southwest Louisiana","Lake Charles","LA","https://projects.propublica.org/nonprofits/organizations/721508036","","","Community Foundation of Southwest Louisiana Lake Charles; contact for scholarship info"
"42103944","Brookline Community Foundation Inc","Brookline","MA","https://projects.propublica.org/nonprofits/organizations/42103944","","","Brookline Community Foundation MA; contact for scholarship info"
"46012492","Cambridge Community Foundation","Cambridge","MA","https://projects.propublica.org/nonprofits/organizations/46012492","","","Cambridge Community Foundation MA; contact for scholarship info"
"134316755","Community Foundation For Nantucket","Nantucket","MA","https://projects.propublica.org/nonprofits/organizations/134316755","","","Community Foundation for Nantucket MA; contact for scholarship info"
"43401997","Greater Lowell Community Foundation Inc","Lowell","MA","https://projects.propublica.org/nonprofits/organizations/43401997","","","Greater Lowell Community Foundation MA; contact for scholarship info"
"550892054","Russian Jewish Community Foundation","Newton Center","MA","https://projects.propublica.org/nonprofits/organizations/550892054","","","Russian Jewish Community Foundation Newton Center MA; religious community focus"
"43280353","Southcoast Community Foundation Inc","New Bedford","MA","https://projects.propublica.org/nonprofits/organizations/43280353","","","Southcoast Community Foundation New Bedford MA; contact for scholarship info"
"201411118","Treasure Cay Community Foundation Inc","Ayer","MA","https://projects.propublica.org/nonprofits/organizations/201411118","","","Treasure Cay Community Foundation Ayer MA; limited web presence"
"300229398","Watertown Community Foundation Inc","Watertown","MA","https://projects.propublica.org/nonprofits/organizations/300229398","","","Watertown Community Foundation MA; contact for scholarship info"
"831112610","Greenbelt Community Foundation Ltd","Greenbelt","MD","https://projects.propublica.org/nonprofits/organizations/831112610","","","Greenbelt Community Foundation MD; limited web presence"
"521857420","Kentlands Community Foundation Inc","Gaithersburg","MD","https://projects.propublica.org/nonprofits/organizations/521857420","","","Kentlands Community Foundation Gaithersburg MD; HOA-style community foundation"
"521782373","Mid Shore Community Foundation Inc","Easton","MD","https://projects.propublica.org/nonprofits/organizations/521782373","","","Mid Shore Community Foundation Easton MD; contact for scholarship info"
"522038242","National Catholic Community Foundation","Crownsville","MD","https://projects.propublica.org/nonprofits/organizations/522038242","","","National Catholic Community Foundation Crownsville MD; religious focus"
"873550117","517 Community Foundation","East Lansing","MI","https://projects.propublica.org/nonprofits/organizations/873550117","","","517 Community Foundation East Lansing MI; limited web presence"
"383246131","Barry County Community Foundation","Hastings","MI","https://projects.propublica.org/nonprofits/organizations/383246131","","","Barry County Community Foundation Hastings MI; contact for scholarship info"
"382418086","Bay Area Community Foundation","Bay City","MI","https://projects.propublica.org/nonprofits/organizations/382418086","https://bayfoundation.org","https://bayfoundation.org/scholarship-programs/","140+ scholarships; $500K+/yr; Bay/Arenac County; single online app; due Feb 3; Bay Commitment $2K"
"383544941","Bedford Community Foundation","Lambertville","MI","https://projects.propublica.org/nonprofits/organizations/383544941","","","Bedford Community Foundation Lambertville MI; limited web presence"
"611422011","Ferndale Community Foundation","Ferndale","MI","https://projects.propublica.org/nonprofits/organizations/611422011","","","Ferndale Community Foundation MI; limited web presence"
"382736601","Four County Community Foundation","Romeo","MI","https://projects.propublica.org/nonprofits/organizations/382736601","","","Four County Community Foundation Romeo MI; contact for scholarship info"
"383087756","Gratiot County Community Foundation","Ithaca","MI","https://projects.propublica.org/nonprofits/organizations/383087756","","","Gratiot County Community Foundation Ithaca MI; contact for scholarship info"
"386070739","Jackson Community Foundation","Jackson","MI","https://projects.propublica.org/nonprofits/organizations/386070739","","","Jackson Community Foundation MI; contact for scholarship info"
"813884931","Kentwood Community Foundation","Kentwood","MI","https://projects.propublica.org/nonprofits/organizations/813884931","","","Kentwood Community Foundation MI; limited web presence"
"383223079","Keweenaw Community Foundation","Hancock","MI","https://projects.propublica.org/nonprofits/organizations/383223079","","","Keweenaw Community Foundation Hancock MI; contact for scholarship info"
"201271563","Lapeer County Community Foundation","Lapeer","MI","https://projects.propublica.org/nonprofits/organizations/201271563","","","Lapeer County Community Foundation MI; contact for scholarship info"
"386095474","Lenawee Community Foundation","Adrian","MI","https://projects.propublica.org/nonprofits/organizations/386095474","","","Lenawee Community Foundation Adrian MI; contact for scholarship info"
"383104141","Livonia Community Foundation","Livonia","MI","https://projects.propublica.org/nonprofits/organizations/383104141","","","Livonia Community Foundation MI; limited web presence"
"383179612","Mackinac Island Community Foundation","Mackinac Is","MI","https://projects.propublica.org/nonprofits/organizations/383179612","","","Mackinac Island Community Foundation MI; small community"
"237011281","Marshall Community Foundation","Marshall","MI","https://projects.propublica.org/nonprofits/organizations/237011281","","","Marshall Community Foundation MI; contact for scholarship info"
"383216235","Otsego Community Foundation","Gaylord","MI","https://projects.propublica.org/nonprofits/organizations/383216235","","","Otsego Community Foundation Gaylord MI; contact for scholarship info"
"383204484","Sanilac County Community Foundation","Sandusky","MI","https://projects.propublica.org/nonprofits/organizations/383204484","","","Sanilac County Community Foundation Sandusky MI; contact for scholarship info"
"383285624","Shiawassee Community Foundation","Owosso","MI","https://projects.propublica.org/nonprofits/organizations/383285624","","","Shiawassee Community Foundation Owosso MI; contact for scholarship info"
"200005152","Spys Community Foundation","Sunfield","MI","https://projects.propublica.org/nonprofits/organizations/200005152","","","Spys Community Foundation Sunfield MI; small community"
"383649922","Sturgis Area Community Foundation","Sturgis","MI","https://projects.propublica.org/nonprofits/organizations/383649922","","","Sturgis Area Community Foundation MI; contact for scholarship info"
"311666193","Baudette Community Foundation","Baudette","MN","https://projects.propublica.org/nonprofits/organizations/311666193","","","Baudette Community Foundation MN; small community"
"411654627","Bloomington Community Foundation","Bloomington","MN","https://projects.propublica.org/nonprofits/organizations/411654627","","","Bloomington Community Foundation MN; contact for scholarship info"
"270590642","Brooten Community Foundation","Brooten","MN","https://projects.propublica.org/nonprofits/organizations/270590642","","","Brooten Community Foundation MN; small community"
"411986997","Chosen Valley Community Foundation","Chatfield","MN","https://projects.propublica.org/nonprofits/organizations/411986997","","","Chosen Valley Community Foundation Chatfield MN; small community"
"411981823","Eastview Community Foundation","Apple Valley","MN","https://projects.propublica.org/nonprofits/organizations/411981823","","","Eastview Community Foundation Apple Valley MN; school-related foundation"
"311634422","Leroy Community Foundation","Le Roy","MN","https://projects.propublica.org/nonprofits/organizations/311634422","","","LeRoy Community Foundation MN; small community"
"411512905","Luverne Area Community Foundation","Luverne","MN","https://projects.propublica.org/nonprofits/organizations/411512905","","","Luverne Area Community Foundation MN; contact for scholarship info"
"821178194","Oslo Community Foundation","E Grand Forks","MN","https://projects.propublica.org/nonprofits/organizations/821178194","","","Oslo Community Foundation E Grand Forks MN; small community"
"411408909","Roseville Area Community Foundation","Roseville","MN","https://projects.propublica.org/nonprofits/organizations/411408909","","","Roseville Area Community Foundation MN; contact for scholarship info"
"311739538","Virginia Community Foundation","Virginia","MN","https://projects.propublica.org/nonprofits/organizations/311739538","","","Virginia Community Foundation MN; Iron Range area; contact for scholarship info"
"470919421","Walker Area Community Foundation","Walker","MN","https://projects.propublica.org/nonprofits/organizations/470919421","","","Walker Area Community Foundation MN; small community"
"363500853","Winona Community Foundation Inc","Winona","MN","https://projects.propublica.org/nonprofits/organizations/363500853","","","Winona Community Foundation MN; contact for scholarship info"
"721592506","Woodbury Community Foundation","Woodbury","MN","https://projects.propublica.org/nonprofits/organizations/721592506","","","Woodbury Community Foundation MN; limited web presence"
"431826142","Chariton County Community Foundation","Keytesville","MO","https://projects.propublica.org/nonprofits/organizations/431826142","","","Chariton County Community Foundation Keytesville MO; small community"
"270436182","Community Foundation Of Northwest Missouri","Saint Joseph","MO","https://projects.propublica.org/nonprofits/organizations/270436182","","","Community Foundation of NW Missouri St Joseph; contact for scholarship info"
"431851519","Howard County Community Foundation Inc","Boonville","MO","https://projects.propublica.org/nonprofits/organizations/431851519","","","Howard County Community Foundation Boonville MO; small community"
"113649939","Mexico Area Community Foundation Inc","Mexico","MO","https://projects.propublica.org/nonprofits/organizations/113649939","","","Mexico Area Community Foundation MO; limited web presence"
"431758789","St Louis Community Foundation Incorporated","Saint Louis","MO","https://projects.propublica.org/nonprofits/organizations/431758789","https://stlgives.org","https://stlgives.org/community-impact/scholarships/","80 scholarship programs; $2.5M/yr to 700+ students; My Scholarship Central platform; St Louis area"
"431482136","Truman Heartland Community Foundation","Independence","MO","https://projects.propublica.org/nonprofits/organizations/431482136","","","Truman Heartland Community Foundation Independence MO; contact for scholarship info"
"431728406","Truman Lake Community Foundation","Clinton","MO","https://projects.propublica.org/nonprofits/organizations/431728406","","","Truman Lake Community Foundation Clinton MO; small community"
"640845750","Community Foundation For Mississippi","Jackson","MS","https://projects.propublica.org/nonprofits/organizations/640845750","https://formississippi.org","https://formississippi.org/grants-scholarships/","$170K+ in scholarships; single application from Jan 15; auto-matching; statewide MS"
"640702225","Community Foundation Of East Mississippi Inc","Meridian","MS","https://projects.propublica.org/nonprofits/organizations/640702225","","","Community Foundation of East Mississippi Meridian; contact for scholarship info"
"943421724","Community Foundation Of Northwest Mississippi Inc","Hernando","MS","https://projects.propublica.org/nonprofits/organizations/943421724","","","Community Foundation of NW Mississippi Hernando; contact for scholarship info"
"461176207","Community Foundation Of Washington County Inc","Greenville","MS","https://projects.propublica.org/nonprofits/organizations/461176207","","","Community Foundation of Washington County Greenville MS; contact for scholarship info"
"721390352","The Greater Pinebelt Community Foundation","Hattiesburg","MS","https://projects.propublica.org/nonprofits/organizations/721390352","","","Greater Pinebelt Community Foundation Hattiesburg MS; contact for scholarship info"
"640869545","West Point Community Foundation Inc","West Point","MS","https://projects.propublica.org/nonprofits/organizations/640869545","","","West Point Community Foundation MS; small community"
"371541903","Anaconda Community Foundation Inc","Anaconda","MT","https://projects.propublica.org/nonprofits/organizations/371541903","","","Anaconda Community Foundation MT; small community"
"810498333","Beacon Community Foundation Inc","Scobey","MT","https://projects.propublica.org/nonprofits/organizations/810498333","","","Beacon Community Foundation Scobey MT; small community"
"203153511","Flathead Community Foundation Inc","Kalispell","MT","https://projects.propublica.org/nonprofits/organizations/203153511","","","Flathead Community Foundation Kalispell MT; contact for scholarship info"
"205714808","Flathead Rotary Community Foundation","Kalispell","MT","https://projects.propublica.org/nonprofits/organizations/205714808","","","Flathead Rotary Community Foundation Kalispell MT; Rotary-affiliated"
"262883184","Greater Polson Community Foundation Inc","Polson","MT","https://projects.propublica.org/nonprofits/organizations/262883184","","","Greater Polson Community Foundation MT; small community"
"810536902","Helena Area Community Foundation","Helena","MT","https://projects.propublica.org/nonprofits/organizations/810536902","","","Helena Area Community Foundation MT; contact for scholarship info"
"463196448","Jefferson Valley Community Foundation","Whitehall","MT","https://projects.propublica.org/nonprofits/organizations/463196448","","","Jefferson Valley Community Foundation Whitehall MT; small community"
"205581763","Park County Community Foundation","Livingston","MT","https://projects.propublica.org/nonprofits/organizations/205581763","","","Park County Community Foundation Livingston MT; contact for scholarship info"
"200192255","Red Lodge Area Community Foundation","Red Lodge","MT","https://projects.propublica.org/nonprofits/organizations/200192255","","","Red Lodge Area Community Foundation MT; contact for scholarship info"
"311711576","Seeley Lake Community Foundation","Seeley Lake","MT","https://projects.propublica.org/nonprofits/organizations/311711576","","","Seeley Lake Community Foundation MT; small community"
"993697903","Spika Community Foundation","Lewistown","MT","https://projects.propublica.org/nonprofits/organizations/993697903","","","Spika Community Foundation Lewistown MT; limited web presence"
"810533137","Toole County Community Foundation Inc","Shelby","MT","https://projects.propublica.org/nonprofits/organizations/810533137","","","Toole County Community Foundation Shelby MT; small community"
"810526746","Valley County Community Foundation Inc","Glasgow","MT","https://projects.propublica.org/nonprofits/organizations/810526746","","","Valley County Community Foundation Glasgow MT; small community"
"810533002","Whitefish Community Foundation Inc","Whitefish","MT","https://projects.propublica.org/nonprofits/organizations/810533002","https://whitefishcommunityfoundation.org","https://whitefishcommunityfoundation.org/scholarships/","Multiple scholarships; Kiita $10K awards; Campbell $2.5K; Flathead County students; apps open Feb 1"
"271974255","Yellowstone Club Community Foundation","Bozeman","MT","https://projects.propublica.org/nonprofits/organizations/271974255","","","Yellowstone Club Community Foundation Bozeman MT; private club-affiliated"
"823275373","Alamance Community Foundation","Burlington","NC","https://projects.propublica.org/nonprofits/organizations/823275373","","","Alamance Community Foundation Burlington NC; contact for scholarship info"
"851900157","Cale Community Foundation","Hertford","NC","https://projects.propublica.org/nonprofits/organizations/851900157","","","Cale Community Foundation Hertford NC; small community"
"561942969","Capital Community Foundation Inc","Raleigh","NC","https://projects.propublica.org/nonprofits/organizations/561942969","","","Capital Community Foundation Raleigh NC; contact for scholarship info"
"581850531","Davie Community Foundation Inc","Mocksville","NC","https://projects.propublica.org/nonprofits/organizations/581850531","","","Davie Community Foundation Mocksville NC; contact for scholarship info"
"561695787","High Point Community Foundation","High Point","NC","https://projects.propublica.org/nonprofits/organizations/561695787","https://www.hpcommunityfoundation.org","https://www.hpcommunityfoundation.org/scholarships/","Multiple named scholarship funds; STEM, education focus; High Point NC"
"872055784","Monet Richardson Community Foundation","Burlington","NC","https://projects.propublica.org/nonprofits/organizations/872055784","","","Monet Richardson Community Foundation Burlington NC; limited web presence"
"10554374","Peninsula Community Foundation","Cornelius","NC","https://projects.propublica.org/nonprofits/organizations/10554374","","","Peninsula Community Foundation Cornelius NC; limited web presence"
"450448088","Community Foundation Of Grand Forks East Grand Forks And Region","Grand Forks","ND","https://projects.propublica.org/nonprofits/organizations/450448088","","","Community Foundation of Grand Forks ND; contact for scholarship info"
"311689978","Minot Area Community Foundation","Minot","ND","https://projects.propublica.org/nonprofits/organizations/311689978","","","Minot Area Community Foundation ND; contact for scholarship info"
"472581417","Northwest North Dakota Community Foundation Inc","Williston","ND","https://projects.propublica.org/nonprofits/organizations/472581417","","","NW North Dakota Community Foundation Williston; contact for scholarship info"
"464371645","Sheyenne Valley Community Foundation","Valley City","ND","https://projects.propublica.org/nonprofits/organizations/464371645","","","Sheyenne Valley Community Foundation Valley City ND; small community"
"202906009","Bennington Community Foundation","Bennington","NE","https://projects.propublica.org/nonprofits/organizations/202906009","","","Bennington Community Foundation NE; small community"
"470736322","Columbus Community Foundation Inc","Columbus","NE","https://projects.propublica.org/nonprofits/organizations/470736322","","","Columbus Community Foundation NE; contact for scholarship info"
"470819319","Crete Community Foundation","Crete","NE","https://projects.propublica.org/nonprofits/organizations/470819319","","","Crete Community Foundation NE; small community"
"470785730","Franklin County Community Foundation","Franklin","NE","https://projects.propublica.org/nonprofits/organizations/470785730","","","Franklin County Community Foundation NE; small community"
"911845579","Harvard Community Foundation Inc","Harvard","NE","https://projects.propublica.org/nonprofits/organizations/911845579","","","Harvard Community Foundation NE; small community"
"391965118","Lavista Community Foundation Corp","La Vista","NE","https://projects.propublica.org/nonprofits/organizations/391965118","","","La Vista Community Foundation NE; limited web presence"
"470794760","Lexington Community Foundation","Lexington","NE","https://projects.propublica.org/nonprofits/organizations/470794760","","","Lexington Community Foundation NE; contact for scholarship info"
"363693096","Lyons Community Foundation","Lyons","NE","https://projects.propublica.org/nonprofits/organizations/363693096","","","Lyons Community Foundation NE; small community"
"470769903","Nebraska Community Foundation","Lincoln","NE","https://projects.propublica.org/nonprofits/organizations/470769903","https://www.nebcommfound.org","https://www.nebcommfound.org/scholarships/","Statewide NE foundation; multiple affiliated community funds with scholarships"
"470645958","Omaha Community Foundation","Omaha","NE","https://projects.propublica.org/nonprofits/organizations/470645958","https://omahafoundation.org","https://omahafoundation.org","Major Omaha foundation; primarily org grants; community interest funds; see OPS Foundation for student scholarships"
"470596705","Oregon Trail Community Foundation","Scottsbluff","NE","https://projects.propublica.org/nonprofits/organizations/470596705","","","Oregon Trail Community Foundation Scottsbluff NE; contact for scholarship info"
"300240248","Pawnee City Community Foundation","Pawnee City","NE","https://projects.propublica.org/nonprofits/organizations/300240248","","","Pawnee City Community Foundation NE; small community"
"201258360","Tekamah Community Foundation","Tekamah","NE","https://projects.propublica.org/nonprofits/organizations/201258360","","","Tekamah Community Foundation NE; small community"
"470825771","Washington County Community Foundation","Blair","NE","https://projects.propublica.org/nonprofits/organizations/470825771","","","Washington County Community Foundation Blair NE; contact for scholarship info"
"363324526","York Community Foundation","York","NE","https://projects.propublica.org/nonprofits/organizations/363324526","","","York Community Foundation NE; contact for scholarship info"
"611529153","Capital City Community Foundation","Trenton","NJ","https://projects.propublica.org/nonprofits/organizations/611529153","","","Capital City Community Foundation Trenton NJ; limited web presence"
"134186074","Metro Manhattan Community Foundation","Englewood","NJ","https://projects.propublica.org/nonprofits/organizations/134186074","","","Metro Manhattan Community Foundation Englewood NJ; limited web presence"
"850295444","Albuquerque Community Foundation","Albuquerque","NM","https://projects.propublica.org/nonprofits/organizations/850295444","https://abqcf.org","https://abqcf.org/scholarships/","25+ scholarship programs; 3000+ students served; $500-$10K awards; eligibility quiz; NM residents"
"850206472","Carlsbad Community Foundation Inc","Carlsbad","NM","https://projects.propublica.org/nonprofits/organizations/850206472","","","Carlsbad Community Foundation NM; contact for scholarship info"
"161740370","Community Foundation Of Lincoln County","Ruidoso","NM","https://projects.propublica.org/nonprofits/organizations/161740370","","","Community Foundation of Lincoln County Ruidoso NM; contact for scholarship info"
"810851813","Gila Community Foundation","Silver City","NM","https://projects.propublica.org/nonprofits/organizations/810851813","","","Gila Community Foundation Silver City NM; contact for scholarship info"
"464885386","Lea Community Foundation For The Arts","Lovington","NM","https://projects.propublica.org/nonprofits/organizations/464885386","","","Lea Community Foundation for the Arts Lovington NM; arts focus"
"352546420","Los Alamos Community Foundation","Los Alamos","NM","https://projects.propublica.org/nonprofits/organizations/352546420","","","Los Alamos Community Foundation NM; contact for scholarship info"
"850311210","New Mexico Community Foundation","Santa Fe","NM","https://projects.propublica.org/nonprofits/organizations/850311210","https://newmexicofoundation.org","https://newmexicofoundation.org/scholarships-now-open/","Statewide NM scholarships; opens annually"
"261266139","Rio Rancho Community Foundation Inc","Rio Rancho","NM","https://projects.propublica.org/nonprofits/organizations/261266139","","","Rio Rancho Community Foundation NM; limited web presence"
"850303044","Santa Fe Community Foundation","Santa Fe","NM","https://projects.propublica.org/nonprofits/organizations/850303044","https://www.santafecf.org","https://www.santafecf.org/causes/education","3 scholarship funds; Currier Scholarship ~$3M awarded; ARTsmart up to $9.5K; northern NM"
"850455682","The Community Foundation Of Southern New Mexico","Las Cruces","NM","https://projects.propublica.org/nonprofits/organizations/850455682","","","Community Foundation of Southern NM Las Cruces; contact for scholarship info"
"850425147","The Taos Community Foundation Inc","Taos","NM","https://projects.propublica.org/nonprofits/organizations/850425147","","","Taos Community Foundation NM; contact for scholarship info"
"880370179","Community Foundation Of Northern Nevada","Reno","NV","https://projects.propublica.org/nonprofits/organizations/880370179","","","Community Foundation of Northern Nevada Reno; contact for scholarship info"
"161577352","Amherst Community Foundation","Amherst","NY","https://projects.propublica.org/nonprofits/organizations/161577352","","","Amherst Community Foundation NY; contact for scholarship info"
"200254573","Community Foundation Holding Corporation","Utica","NY","https://projects.propublica.org/nonprofits/organizations/200254573","","","Community Foundation Holding Corp Utica NY; contact for scholarship info"
"161561037","Cortland Community Foundation","Cortland","NY","https://projects.propublica.org/nonprofits/organizations/161561037","","","Cortland Community Foundation NY; contact for scholarship info"
"161468127","Greater Olean Community Foundation","Olean","NY","https://projects.propublica.org/nonprofits/organizations/161468127","","","Greater Olean Community Foundation NY; contact for scholarship info"
"161574338","Rome Community Foundation","Rome","NY","https://projects.propublica.org/nonprofits/organizations/161574338","","","Rome Community Foundation NY; contact for scholarship info"
"473713204","Sunmark Charitable Community Foundation","Latham","NY","https://projects.propublica.org/nonprofits/organizations/473713204","","","Sunmark Charitable Community Foundation Latham NY; credit union affiliated"
"760729108","The Rockland Community Foundation","Suffern","NY","https://projects.propublica.org/nonprofits/organizations/760729108","","","Rockland Community Foundation Suffern NY; contact for scholarship info"
"510513205","Voorheesville Community Foundation Inc","Voorheesville","NY","https://projects.propublica.org/nonprofits/organizations/510513205","","","Voorheesville Community Foundation NY; small community"
"341812908","Ashland County Community Foundation","Ashland","OH","https://projects.propublica.org/nonprofits/organizations/341812908","","","Ashland County Community Foundation OH; contact for scholarship info"
"872870534","Catholic Community Foundation   Ohio","Toledo","OH","https://projects.propublica.org/nonprofits/organizations/872870534","","","Catholic Community Foundation Ohio Toledo; religious focus"
"311197385","Community Foundations Inc","Columbus","OH","https://projects.propublica.org/nonprofits/organizations/311197385","","","Community Foundations Inc Columbus OH; contact for scholarship info"
"311625750","Fairfield Community Foundation","Fairfield","OH","https://projects.propublica.org/nonprofits/organizations/311625750","","","Fairfield Community Foundation OH; contact for scholarship info"
"311751001","Greene County Community Foundation","Xenia","OH","https://projects.propublica.org/nonprofits/organizations/311751001","","","Greene County Community Foundation Xenia OH; contact for scholarship info"
"311335053","Hardin County Community Foundation","Kenton","OH","https://projects.propublica.org/nonprofits/organizations/311335053","","","Hardin County Community Foundation Kenton OH; contact for scholarship info"
"341935499","Hudson Community Foundation","Hudson","OH","https://projects.propublica.org/nonprofits/organizations/341935499","","","Hudson Community Foundation OH; contact for scholarship info"
"263854598","Louisville Community Foundation","Louisville","OH","https://projects.propublica.org/nonprofits/organizations/263854598","","","Louisville Community Foundation OH; small community"
"743054287","Marietta Community Foundation Inc","Marietta","OH","https://projects.propublica.org/nonprofits/organizations/743054287","","","Marietta Community Foundation OH; contact for scholarship info"
"314446189","Marion Community Foundation","Marion","OH","https://projects.propublica.org/nonprofits/organizations/314446189","","","Marion Community Foundation OH; contact for scholarship info"
"884105033","Medina County Community Foundation","Medina","OH","https://projects.propublica.org/nonprofits/organizations/884105033","","","Medina County Community Foundation OH; contact for scholarship info"
"310898380","Middletown Community Foundation","Middletown","OH","https://projects.propublica.org/nonprofits/organizations/310898380","","","Middletown Community Foundation OH; contact for scholarship info"
"311409264","New Albany Community Foundation","New Albany","OH","https://projects.propublica.org/nonprofits/organizations/311409264","","","New Albany Community Foundation OH; contact for scholarship info"
"311777036","Pickaway County Community Foundation","Circleville","OH","https://projects.propublica.org/nonprofits/organizations/311777036","","","Pickaway County Community Foundation Circleville OH; contact for scholarship info"
"311391908","Piqua Community Foundation","Piqua","OH","https://projects.propublica.org/nonprofits/organizations/311391908","","","Piqua Community Foundation OH; contact for scholarship info"
"341001130","Salem Community Foundation Inc","Salem","OH","https://projects.propublica.org/nonprofits/organizations/341001130","","","Salem Community Foundation OH; contact for scholarship info"
"204828728","Stewardship Community Foundation","Alvada","OH","https://projects.propublica.org/nonprofits/organizations/204828728","","","Stewardship Community Foundation Alvada OH; limited web presence"
"341405286","The Tiffin Community Foundation","Tiffin","OH","https://projects.propublica.org/nonprofits/organizations/341405286","","","Tiffin Community Foundation OH; small community foundation"
"341615229","Wapakoneta Area Community Foundation","Wapakoneta","OH","https://projects.propublica.org/nonprofits/organizations/341615229","","","Wapakoneta Area Community Foundation OH; small community foundation"
"854005192","Wellsville Community Foundation","Wellsville","OH","https://projects.propublica.org/nonprofits/organizations/854005192","","","Wellsville Community Foundation OH; small community foundation"
"237372791","Yellow Springs Community Foundation","Yellow Spgs","OH","https://projects.propublica.org/nonprofits/organizations/237372791","","","Yellow Springs Community Foundation OH; small community foundation"
"731575838","Bartlesville Community Foundation","Bartlesville","OK","https://projects.propublica.org/nonprofits/organizations/731575838","https://bartlesvillecf.org","https://bartlesvillecf.org/scholarships/","Multiple scholarships; FAFSA required; apply online; contact scholarship@bartlesvillecf.org"
"731547637","Cherokee Strip Community Foundation","Enid","OK","https://projects.propublica.org/nonprofits/organizations/731547637","","","Cherokee Strip Community Foundation Enid OK; small community foundation"
"731407004","Quail Community Foundation Inc","Oklahoma City","OK","https://projects.propublica.org/nonprofits/organizations/731407004","","","Quail Community Foundation Oklahoma City OK; limited web presence"
"273447247","Vian Community Foundation","Vian","OK","https://projects.propublica.org/nonprofits/organizations/273447247","","","Vian Community Foundation OK; small rural community foundation"
"731456501","Woodward Community Foundation","Woodward","OK","https://projects.propublica.org/nonprofits/organizations/731456501","","","Woodward Community Foundation OK; small community foundation"
"943138507","Cottage Grove Community Foundation","Cottage Grove","OR","https://projects.propublica.org/nonprofits/organizations/943138507","","","Cottage Grove Community Foundation OR; small community foundation"
"931167214","Dallas Community Foundation","Dallas","OR","https://projects.propublica.org/nonprofits/organizations/931167214","","","Dallas Community Foundation OR; small community foundation"
"510173092","Four Way Community Foundation","Grants Pass","OR","https://projects.propublica.org/nonprofits/organizations/510173092","","","Four Way Community Foundation Grants Pass OR; small community foundation"
"931279574","Gorge Community Foundation","Hood River","OR","https://projects.propublica.org/nonprofits/organizations/931279574","https://gorge.net/gcf","https://eschol.hrcef.org/","Part of HRVHS Local Scholarship Program; ~200 scholarships awarded annually; contact gcf@gorge.net"
"931290054","Monmouth Independence Community Foundation","Monmouth","OR","https://projects.propublica.org/nonprofits/organizations/931290054","","","Monmouth Independence Community Foundation OR; small community foundation"
"931205915","Mt Angel Community Foundation","Mount Angel","OR","https://projects.propublica.org/nonprofits/organizations/931205915","","","Mt Angel Community Foundation OR; small community foundation"
"931019725","Oregon Jewish Community Foundation","Portland","OR","https://projects.propublica.org/nonprofits/organizations/931019725","https://www.ojcf.org","https://www.ojcf.org/scholarships","Higher ed scholarships up to $5000/yr; camp scholarships $250-$800; Jewish OR residents; need-based; deadline late April"
"930981908","Philomath Community Foundation","Philomath","OR","https://projects.propublica.org/nonprofits/organizations/930981908","","","Philomath Community Foundation OR; small community foundation"
"611993173","Sisters Community Foundation","Sisters","OR","https://projects.propublica.org/nonprofits/organizations/611993173","","","Sisters Community Foundation OR; small community foundation"
"911826453","Sweet Home Community Foundation","Sweet Home","OR","https://projects.propublica.org/nonprofits/organizations/911826453","","","Sweet Home Community Foundation OR; small community foundation"
"931156570","Toledo Community Foundation","Toledo","OR","https://projects.propublica.org/nonprofits/organizations/931156570","","","Toledo Community Foundation OR; small community foundation"
"311625798","Armstrong County Community Foundation","Kittanning","PA","https://projects.propublica.org/nonprofits/organizations/311625798","","","Armstrong County Community Foundation Kittanning PA; small community foundation"
"251292553","Bridge Builders Community Foundation","Franklin","PA","https://projects.propublica.org/nonprofits/organizations/251292553","","","Bridge Builders Community Foundation Franklin PA; small community foundation"
"471071792","Bucks County Community Foundation","Levittown","PA","https://projects.propublica.org/nonprofits/organizations/471071792","https://buckscountycommunityfoundation.org","https://buckscountycommunityfoundation.org/programs/","Scholarships for Bucks County HS seniors for higher ed and trade schools; awards announced in May"
"251698583","Can Do Community Foundation","Hazleton","PA","https://projects.propublica.org/nonprofits/organizations/251698583","","","Can Do Community Foundation Hazleton PA; small community foundation"
"475001962","Carbon County Community Foundation","Lehighton","PA","https://projects.propublica.org/nonprofits/organizations/475001962","","","Carbon County Community Foundation Lehighton PA; small community foundation"
"454672905","Greater Pike Community Foundation","Milford","PA","https://projects.propublica.org/nonprofits/organizations/454672905","","","Greater Pike Community Foundation Milford PA; small community foundation"
"200874857","Lancaster County Community Foundation","Lancaster","PA","https://projects.propublica.org/nonprofits/organizations/200874857","https://www.lancfound.org","https://www.lancfound.org/grant/general-scholarships/","Multiple scholarships via Scholarship America; vocational/technical/2yr/4yr; deadline Feb 2026; 47 scholarships awarded in 2025"
"233053111","Middletown Community Foundation","Langhorne","PA","https://projects.propublica.org/nonprofits/organizations/233053111","","","Middletown Community Foundation Langhorne PA; small community foundation"
"232931604","Millville Community Foundation Inc","Bloomsburg","PA","https://projects.propublica.org/nonprofits/organizations/232931604","","","Millville Community Foundation Bloomsburg PA; small community foundation"
"232656896","Wayne County Community Foundation","Honesdale","PA","https://projects.propublica.org/nonprofits/organizations/232656896","","","Wayne County Community Foundation Honesdale PA; small community foundation"
"202680321","Wellsboro Community Foundation Inc","Wellsboro","PA","https://projects.propublica.org/nonprofits/organizations/202680321","","","Wellsboro Community Foundation PA; small community foundation"
"236299868","York County Community Foundation","York","PA","https://projects.propublica.org/nonprofits/organizations/236299868","https://yccf.org","https://yccf.org/for-grant-seekers/scholarships/","Multiple scholarships including field-specific; partners with 13 Dollars for Scholars chapters; $634,500+ awarded"
"222604963","The Rhode Island Community Foundation","Providence","RI","https://projects.propublica.org/nonprofits/organizations/222604963","https://rifoundation.org","https://rifoundation.org/grants-scholarships/browse-scholarships","$4M+ in scholarships; 100s available; Carter Roger Williams up to $80K/4yr; RI PBS scholarship up to $60K/4yr; contact scholarships@rifoundation.org"
"161617047","Daniel Island Community Foundation Inc","Daniel Island","SC","https://projects.propublica.org/nonprofits/organizations/161617047","","","Daniel Island Community Foundation SC; small community foundation"
"853378589","Darlington Community Foundation","Darlington","SC","https://projects.propublica.org/nonprofits/organizations/853378589","","","Darlington Community Foundation SC; small community foundation"
"205440142","Lake City Community Foundation Inc","Lake City","SC","https://projects.propublica.org/nonprofits/organizations/205440142","","","Lake City Community Foundation SC; small community foundation"
"582670170","Laurens County Community Foundation","Clinton","SC","https://projects.propublica.org/nonprofits/organizations/582670170","","","Laurens County Community Foundation Clinton SC; small community foundation"
"920236639","South Carolina Community Foundation","Seneca","SC","https://projects.propublica.org/nonprofits/organizations/920236639","","","South Carolina Community Foundation Seneca SC; small community foundation"
"200072151","Tri County Community Foundation","Barnwell","SC","https://projects.propublica.org/nonprofits/organizations/200072151","","","Tri County Community Foundation Barnwell SC; small community foundation"
"363608635","Black Hills Area Community Foundation","Rapid City","SD","https://projects.propublica.org/nonprofits/organizations/363608635","https://bhacf.org","https://bhacf.org/scholarships/","Multiple scholarships for Black Hills students; opens Jan 1, closes Apr 1; various criteria and amounts"
"461401425","De Smet Community Foundation","De Smet","SD","https://projects.propublica.org/nonprofits/organizations/461401425","","","De Smet Community Foundation SD; small rural community foundation"
"871779895","Elk Point Community Foundation","Elk Point","SD","https://projects.propublica.org/nonprofits/organizations/871779895","","","Elk Point Community Foundation SD; small rural community foundation"
"863230604","Faith Area Community Foundation","Faith","SD","https://projects.propublica.org/nonprofits/organizations/863230604","","","Faith Area Community Foundation SD; small rural community foundation"
"800223699","Hand County Health Wellness And Community Foundation","Miller","SD","https://projects.propublica.org/nonprofits/organizations/800223699","","","Hand County Health Wellness And Community Foundation Miller SD; health-focused"
"460398115","South Dakota Community Foundation","Pierre","SD","https://projects.propublica.org/nonprofits/organizations/460398115","https://www.sdcommunityfoundation.org","https://www.sdcommunityfoundation.org/scholarships","300+ scholarship funds; statewide; full IRS compliance; contact foundation for specific opportunities"
"920449173","Watertown Area Community Foundation Inc","Watertown","SD","https://projects.propublica.org/nonprofits/organizations/920449173","","","Watertown Area Community Foundation Inc SD; small community foundation"
"460350319","Watertown Community Foundation","Watertown","SD","https://projects.propublica.org/nonprofits/organizations/460350319","","","Watertown Community Foundation SD; small community foundation"
"450489207","Wilmot Community Foundation","Wilmot","SD","https://projects.propublica.org/nonprofits/organizations/450489207","","","Wilmot Community Foundation SD; small rural community foundation"
"621536731","Chattanooga Christian Community Foundation","Chattanooga","TN","https://projects.propublica.org/nonprofits/organizations/621536731","","","Chattanooga Christian Community Foundation TN; faith-based community foundation"
"621752885","Christian Community Foundation Of Memphis And The Mid South Inc","Memphis","TN","https://projects.propublica.org/nonprofits/organizations/621752885","","","Christian Community Foundation of Memphis TN; faith-based community foundation"
"621695494","Knoxville Christian Community Foundation","Knoxville","TN","https://projects.propublica.org/nonprofits/organizations/621695494","","","Knoxville Christian Community Foundation TN; faith-based community foundation"
"810791445","Cuero Community Foundation","Cuero","TX","https://projects.propublica.org/nonprofits/organizations/810791445","","","Cuero Community Foundation TX; small community foundation"
"752836123","Dallas Jewish Community Foundation","Dallas","TX","https://projects.propublica.org/nonprofits/organizations/752836123","https://djcf.org","https://djcf.org/community-impact/college-scholarships/","Largest Jewish scholarship provider in DFW; $3.3M awarded to 1200+ recipients; HS seniors/undergrad/grad; any faith; FAFSA required"
"800579711","Garwood Community Foundation","Garwood","TX","https://projects.propublica.org/nonprofits/organizations/800579711","","","Garwood Community Foundation TX; small rural community foundation"
"742997477","Greater Fayette Community Foundation","La Grange","TX","https://projects.propublica.org/nonprofits/organizations/742997477","","","Greater Fayette Community Foundation La Grange TX; small community foundation"
"760187329","Houston Jewish Community Foundation","Houston","TX","https://projects.propublica.org/nonprofits/organizations/760187329","https://hjcf.org","","Scholarships via Alexander JFS; Parkans and Zinn scholarships for Jewish undergrads; need-based; deadline May 2026"
"760082098","Montgomery County Community Foundation","Spring","TX","https://projects.propublica.org/nonprofits/organizations/760082098","","","Montgomery County Community Foundation Spring TX; small community foundation"
"204853185","Truscott Community Foundation","Truscott","TX","https://projects.propublica.org/nonprofits/organizations/204853185","","","Truscott Community Foundation TX; small rural community foundation"
"332389100","Veritas Community Foundation","Austin","TX","https://projects.propublica.org/nonprofits/organizations/332389100","","","Veritas Community Foundation Austin TX; limited web presence"
"412024201","Wharton County Community Foundation","El Campo","TX","https://projects.propublica.org/nonprofits/organizations/412024201","","","Wharton County Community Foundation El Campo TX; small community foundation"
"262876976","Hellenic Community Foundation","Salt Lake Cty","UT","https://projects.propublica.org/nonprofits/organizations/262876976","","","Hellenic Community Foundation Salt Lake City UT; Greek/Hellenic community foundation"
"412083311","Ogden Community Foundation A Nonprofit Corporation","Ogden","UT","https://projects.propublica.org/nonprofits/organizations/412083311","","","Ogden Community Foundation UT; small community foundation"
"300171971","Park City Community Foundation","Park City","UT","https://projects.propublica.org/nonprofits/organizations/300171971","https://parkcitycf.org","","Youth United program $1.3M+ in scholarships since 2016; extracurricular/childcare scholarships; not traditional college scholarships"
"743211770","The Community Foundation Of Utah","Salt Lake Cty","UT","https://projects.propublica.org/nonprofits/organizations/743211770","https://utahcf.org","https://utahcf.org","14 scholarship funds; $500-$10,000 per student; Collester Scholarship up to $2K for 3.5+ GPA; various criteria"
"870665692","The Philanthrophy Community Foundation","Salt Lake Cty","UT","https://projects.propublica.org/nonprofits/organizations/870665692","","","The Philanthrophy Community Foundation Salt Lake City UT; limited web presence"
"870650772","Wasatch Community Foundation","Heber City","UT","https://projects.propublica.org/nonprofits/organizations/870650772","","","Wasatch Community Foundation Heber City UT; small community foundation"
"541602838","Arlington Community Foundation","Arlington","VA","https://projects.propublica.org/nonprofits/organizations/541602838","https://www.arlcf.org","https://www.arlcf.org/scholarships/","100+ scholarships through 1 application; Arlington students; opens mid-December; contact scholarship@arlcf.org"
"541959458","Community Foundation Serving Western Virginia","Roanoke","VA","https://projects.propublica.org/nonprofits/organizations/541959458","https://www.cfwesternva.org","https://www.cfwesternva.org","80+ scholarship opportunities; graduating HS seniors, college students, non-traditional students; online application system"
"931987189","Epworth Senior Community Foundation","Reston","VA","https://projects.propublica.org/nonprofits/organizations/931987189","","","Epworth Senior Community Foundation Reston VA; senior living focused"
"546112680","Greater Lynchburg Community Foundation","Lynchburg","VA","https://projects.propublica.org/nonprofits/organizations/546112680","https://www.lynchburgfoundation.org","https://www.lynchburgfoundation.org/grants-and-scholarships/scholarships","$2.2M+ in grants/scholarships annually; 300+ funds; apply through school guidance department"
"542035996","Hampton Roads Community Foundation","Norfolk","VA","https://projects.propublica.org/nonprofits/organizations/542035996","https://hamptonroadscf.org","https://hamptonroadscf.org/scholarships/scholarships-at-hampton-roads-community-foundation","SE Virginias largest scholarship provider; $24M+ since 1950; 90+ scholarship endowments; $2.1M awarded in 2025"
"311742955","Northern Piedmont Community Foundation","Warrenton","VA","https://projects.propublica.org/nonprofits/organizations/311742955","","","Northern Piedmont Community Foundation Warrenton VA; small community foundation"
"542057957","Peninsula Community Foundation Of Virginia","Hampton","VA","https://projects.propublica.org/nonprofits/organizations/542057957","","","Peninsula Community Foundation of Virginia Hampton VA; small community foundation"
"541963011","Shenandoah Community Foundation Inc","Strasburg","VA","https://projects.propublica.org/nonprofits/organizations/541963011","","","Shenandoah Community Foundation Strasburg VA; small community foundation"
"841805727","Valley Muslim Community Foundation","Rockingham","VA","https://projects.propublica.org/nonprofits/organizations/841805727","","","Valley Muslim Community Foundation Rockingham VA; faith-based community foundation"
"810999457","Vermont Catholic Community Foundation Inc","Perkinsville","VT","https://projects.propublica.org/nonprofits/organizations/810999457","","","Vermont Catholic Community Foundation Perkinsville VT; faith-based community foundation"
"912049302","3 Rivers Community Foundation","Kennewick","WA","https://projects.propublica.org/nonprofits/organizations/912049302","","","3 Rivers Community Foundation Kennewick WA; small community foundation"
"912155208","Bainbridge Community Foundation","Bainbridge Is","WA","https://projects.propublica.org/nonprofits/organizations/912155208","https://bainbridgecf.org","","Has scholarship funds but does not actively award scholarships through main grant program; contact foundation directly"
"882053935","Gesa Community Foundation","Richland","WA","https://projects.propublica.org/nonprofits/organizations/882053935","","","Gesa Community Foundation Richland WA; credit union affiliated community foundation"
"911607005","Grays Harbor Community Foundation","Hoquiam","WA","https://projects.propublica.org/nonprofits/organizations/911607005","","","Grays Harbor Community Foundation Hoquiam WA; small community foundation"
"331428770","Greater Eatonville Community Foundation","Eatonville","WA","https://projects.propublica.org/nonprofits/organizations/331428770","","","Greater Eatonville Community Foundation WA; small community foundation"
"463311548","Inland Power Community Foundation","Spokane","WA","https://projects.propublica.org/nonprofits/organizations/463311548","","","Inland Power Community Foundation Spokane WA; utility-affiliated community foundation"
"841682682","Jefferson Community Foundation","Port Townsend","WA","https://projects.propublica.org/nonprofits/organizations/841682682","https://jcfgives.org","","Jefferson Community Foundation Port Townsend WA; has scholarship funds; contact 360-385-1729"
"911349506","Kent Community Foundation","Kent","WA","https://projects.propublica.org/nonprofits/organizations/911349506","","","Kent Community Foundation WA; small community foundation"
"943205217","Kitsap Community Foundation","Silverdale","WA","https://projects.propublica.org/nonprofits/organizations/943205217","https://www.kitsapfoundation.org","https://www.kitsapfoundation.org/scholarships","Multiple scholarship funds; applications Jan 1 - Feb 28; community review committee; Kitsap & North Mason County"
"912084105","Olympic View Community Foundation","Sequim","WA","https://projects.propublica.org/nonprofits/organizations/912084105","","","Olympic View Community Foundation Sequim WA; small community foundation"
"911680527","Orcas Island Community Foundation","Eastsound","WA","https://projects.propublica.org/nonprofits/organizations/911680527","https://oicf.us","","Orcas Island Community Foundation; stewards scholarship funds; $7M+ in grants 2024; contact info@oicf.us"
"237069988","Renton Regional Community Foundation","Renton","WA","https://projects.propublica.org/nonprofits/organizations/237069988","","","Renton Regional Community Foundation WA; small community foundation"
"911572414","Skagit Community Foundation","Mount Vernon","WA","https://projects.propublica.org/nonprofits/organizations/911572414","https://www.skagitcf.org","https://www.skagitcf.org","Multiple named scholarships for Skagit County students; Allen Lowe, Helen Barrett, and other memorial scholarships"
"912010756","Trout Lake Community Foundation","Trout Lake","WA","https://projects.propublica.org/nonprofits/organizations/912010756","","","Trout Lake Community Foundation WA; small rural community foundation"
"371768613","Twinstar Community Foundation","Olympia","WA","https://projects.propublica.org/nonprofits/organizations/371768613","","","Twinstar Community Foundation Olympia WA; credit union affiliated community foundation"
"911726410","Whatcom Community Foundation","Bellingham","WA","https://projects.propublica.org/nonprofits/organizations/911726410","https://whatcomcf.org","https://whatcomcf.org/apply-for-a-scholarship/","$2M+ in scholarships over 20 years; 83 scholars/$161K in 2024; single application; need and merit-based; email wcf@whatcomcf.org"
"813860867","Whidbey Community Foundation","Coupeville","WA","https://projects.propublica.org/nonprofits/organizations/813860867","","","Whidbey Community Foundation Coupeville WA; small community foundation"
"200697012","Yakima Valley Community Foundation","Yakima","WA","https://projects.propublica.org/nonprofits/organizations/200697012","https://yakimavalleycf.org","https://yakimavalleycf.org","$54M+ in assets; Mollie Davis Scholarship up to $40K; Act Six program; Women in Law scholarships; 3 grant cycles/year"
"391970152","Brewers Community Foundation","Milwaukee","WI","https://projects.propublica.org/nonprofits/organizations/391970152","","","Brewers Community Foundation Milwaukee WI; MLB team affiliated community foundation"
"392024542","Community Foundation Of Chippewa","Chippewa Fls","WI","https://projects.propublica.org/nonprofits/organizations/392024542","","","Community Foundation of Chippewa WI; small community foundation"
"391980685","Door County Community Foundation Inc","Sturgeon Bay","WI","https://projects.propublica.org/nonprofits/organizations/391980685","https://doorcountycommunityfoundation.org","https://doorcountycommunityfoundation.org/scholarships/","Door County Scholarship Network; multiple named scholarship funds; all 5 Door County school districts"
"810813774","Ettrick Community Foundation Inc","Ettrick","WI","https://projects.propublica.org/nonprofits/organizations/810813774","","","Ettrick Community Foundation WI; small rural community foundation"
"822982916","Ffbw Community Foundation Inc","Brookfield","WI","https://projects.propublica.org/nonprofits/organizations/822982916","","","Ffbw Community Foundation Brookfield WI; limited web presence"
"391772651","Incourage Community Foundation Inc","Wisc Rapids","WI","https://projects.propublica.org/nonprofits/organizations/391772651","https://incouragecf.org","https://incouragecf.org/scholarships/","190+ scholarships with one application; $234,750 awarded 2025; 4600+ scholarships/$3.65M since 1994; south Wood County area"
"270978059","Lakeshore Community Foundation Inc","Manitowoc","WI","https://projects.propublica.org/nonprofits/organizations/270978059","","","Lakeshore Community Foundation Manitowoc WI; small community foundation"
"392041822","Marion Area Community Foundation","Marion","WI","https://projects.propublica.org/nonprofits/organizations/392041822","","","Marion Area Community Foundation WI; small community foundation"
"473441083","Marshfield Area Community Foundation Inc","Marshfield","WI","https://projects.propublica.org/nonprofits/organizations/473441083","","","Marshfield Area Community Foundation WI; small community foundation"
"391626231","Mount Horeb Community Foundation Inc","Mount Horeb","WI","https://projects.propublica.org/nonprofits/organizations/391626231","","","Mount Horeb Community Foundation WI; small community foundation"
"392034571","Oshkosh Area Community Foundation Corporation","Oshkosh","WI","https://projects.propublica.org/nonprofits/organizations/392034571","https://www.oshkoshareacf.org","https://www.oshkoshareacf.org/apply-for-scholarships/","200+ scholarship funds; $500-$29K awards; Fox River Scholarship Center universal application; 300+ students/~$1M annually"
"260394674","Rusk County Community Foundation","Ladysmith","WI","https://projects.propublica.org/nonprofits/organizations/260394674","","","Rusk County Community Foundation Ladysmith WI; small community foundation"
"391935790","Stoughton Community Foundation Inc","Stoughton","WI","https://projects.propublica.org/nonprofits/organizations/391935790","","","Stoughton Community Foundation WI; small community foundation"
"391585271","The Stateline Community Foundation Inc","Beloit","WI","https://projects.propublica.org/nonprofits/organizations/391585271","","","Stateline Community Foundation Beloit WI; small community foundation"
"813816166","Three Lakes Community Foundation","Three Lakes","WI","https://projects.propublica.org/nonprofits/organizations/813816166","","","Three Lakes Community Foundation WI; small rural community foundation"
"391708484","Watertown Area Community Foundation","Watertown","WI","https://projects.propublica.org/nonprofits/organizations/391708484","","","Watertown Area Community Foundation WI; small community foundation"
"391969122","Waukesha County Community Foundation Inc","Waukesha","WI","https://projects.propublica.org/nonprofits/organizations/391969122","https://waukeshafoundation.org","https://waukeshafoundation.org/overview-scholarships/scholarship-offerings/","80+ scholarship funds; $1M+ awarded 2025; applications open January; serves Waukesha County"
"352232375","Waunakee Community Foundation Inc","Waunakee","WI","https://projects.propublica.org/nonprofits/organizations/352232375","","","Waunakee Community Foundation WI; small community foundation"
"391815260","Whitewater Community Foundation","Whitewater","WI","https://projects.propublica.org/nonprofits/organizations/391815260","","","Whitewater Community Foundation WI; small community foundation"
"300936977","Barbour County Community Foundation Inc","Belington","WV","https://projects.propublica.org/nonprofits/organizations/300936977","","","Barbour County Community Foundation Belington WV; small community foundation"
"310908698","Community Foundation For The Ohio Valley Inc","Wheeling","WV","https://projects.propublica.org/nonprofits/organizations/310908698","https://cfov.org","https://cfov.org/students/","70+ scholarship funds; 137 students/$276K awarded; 8-county service area; online common application; opens January"
"550724623","Community Foundation Of The Virginias Inc","Bluefield","WV","https://projects.propublica.org/nonprofits/organizations/550724623","https://cfvinc.org","https://cfvinc.org","$558K+ in scholarships annually; $5M+ returned since founding; Mercer County WV & Tazewell County VA; call 304-324-0222"
"550742377","Eastern West Virginia Community Foundation","Martinsburg","WV","https://projects.propublica.org/nonprofits/organizations/550742377","https://www.ewvcf.org","https://www.ewvcf.org/scholarships/","$100K+ in scholarships annually; Berkeley/Hampshire/Hardy/Jefferson/Morgan counties; online application; deadline Feb 27"
"550763800","Greater Greenbrier Valley Community Foundation","Lewisburg","WV","https://projects.propublica.org/nonprofits/organizations/550763800","","","Greater Greenbrier Valley Community Foundation Lewisburg WV; small community foundation"
"550748246","Parkersburg Area Community Foundation Inc","Parkersburg","WV","https://projects.propublica.org/nonprofits/organizations/550748246","https://pacfwv.com","https://pacfwv.com/initiatives/scholarships/apply-for-a-scholarship","190+ scholarships; 317 awarded/$667K in 2025; 11-county service area; universal application; deadline Feb 28"
"141917606","Pleasants Community Foundation Inc","Saint Marys","WV","https://projects.propublica.org/nonprofits/organizations/141917606","","","Pleasants Community Foundation Saint Marys WV; small community foundation"
"550687098","Tucker Community Foundation","Parsons","WV","https://projects.propublica.org/nonprofits/organizations/550687098","https://tuckerfoundationwv.org","https://tuckerfoundationwv.org","45+ scholarship funds; $500-$10K awards; 9-county service area; $109K+ awarded annually; apply at foundation offices in Parsons"
"830308856","Community Foundation Of Jackson Hole","Jackson","WY","https://projects.propublica.org/nonprofits/organizations/830308856","https://www.cfjacksonhole.org","https://www.cfjacksonhole.org/scholarships","250+ scholarships; $1M+ awarded annually; Teton County HS seniors; applications mid-Nov through mid-Jan"
"204230839","Convergence Community Foundation","Jackson Hole","WY","https://projects.propublica.org/nonprofits/organizations/204230839","","","Convergence Community Foundation Jackson Hole WY; limited web presence"
"830323573","Laramie Community Foundation","Laramie","WY","https://projects.propublica.org/nonprofits/organizations/830323573","","","Laramie Community Foundation WY; small community foundation"
"455089641","Moyer Community Foundation","Powell","WY","https://projects.propublica.org/nonprofits/organizations/455089641","","","Moyer Community Foundation Powell WY; small community foundation"
"932561480","Sheridan Community Foundation","Sheridan","WY","https://projects.propublica.org/nonprofits/organizations/932561480","https://sheridanwycommunityfoundation.org","","Sheridan Community Foundation WY; supports community through charitable giving; contact for scholarship info"
"830287513","Wyoming Community Foundation","Laramie","WY","https://projects.propublica.org/nonprofits/organizations/830287513","https://wycf.org","https://wycf.org/scholarships/","Statewide WY foundation; scholarships for graduating HS seniors and UW nursing students; awards notified by May 5"
